Workbook

Sheet 0.題目
A1: 樣本 | E1: 樣本(變數)須採用資料正規化
A2: No | B2: Age | C2: Income | D2: 原始聚類
A3: 1 | B3: 40 | C3: 5 | D3: 1
A4: 2 | B4: 44 | C4: 14 | D4: 1
A5: 3 | B5: 71 | C5: 2 | D5: 1
A6: 4 | B6: 46 | C6: 6 | D6: 1
A7: 5 | B7: 63 | C7: 3 | D7: 1
A8: 6 | B8: 49 | C8: 11 | D8: 1
A9: 7 | B9: 22 | C9: 13 | D9: 1
A10: 8 | B10: 59 | C10: 0 | D10: 2
A11: 9 | B11: 38 | C11: 10 | D11: 2
A12: 10 | B12: 46 | C12: 10 | D12: 2
A13: 11 | B13: 55 | C13: 18 | D13: 2
A14: 12 | B14: 43 | C14: 8 | D14: 2
... A22: 20 | B22: 45 | C22: 10 | D22: 3

Sheet 1.變數-採用標準正規化變換
A1: 樣本
A2: No | B2: Age | C2: Income | D2: 原始聚類 | E2: 1.算出Age及Income的算術平均數 | J2: No | K2: Age | L2: Income | M2: 原始聚類
A3: 1 | B3: 40 | C3: 5 | D3: 1 | E3: 2.算出變數 : 採用標準正規化變換 | J3: 1 | K3: =(B3-$B$23)/$B$24 -> -0.51685775 | L3: =(C3-$C$23)/$C$24 -> -0.94169465 | M3: 1
A4: 2 | B4: 44 | C4: 14 | D4: 1 | J4: 2 | K4: =(B4-$B$23)/$B$24 -> -0.16644572 | L4: =(C4-$C$23)/$C$24 -> 0.98449895 | M4: 1
A5: 3 | B5: 71 | C5: 2 | D5: 1 | J5: 3 | K5: =(B5-$B$23)/$B$24 -> 2.1988355 | L5: =(C5-$C$23)/$C$24 -> -1.5837592 | M5: 1
A6: 4 | B6: 46 | C6: 6 | D6: 1 | J6: 4 | K6: =(B6-$B$23)/$B$24 -> 0.0087603009 | L6: =(C6-$C$23)/$C$24 -> -0.72767314 | M6: 1
A7: 5 | B7: 63 | C7: 3 | D7: 1 | J7: 5 | K7: =(B7-$B$23)/$B$24 -> 1.4980114 | L7: =(C7-$C$23)/$C$24 -> -1.3697377 | M7: 1
A8: 6 | B8: 49 | C8: 11 | D8: 1 | J8: 6 | K8: =(B8-$B$23)/$B$24 -> 0.27156933 | L8: =(C8-$C$23)/$C$24 -> 0.34243442 | M8: 1
A9: 7 | B9: 22 | C9: 13 | D9: 1 | J9: 7 | K9: =(B9-$B$23)/$B$24 -> -2.0937119 | L9: =(C9-$C$23)/$C$24 -> 0.77047744 | M9: 1
A10: 8 | B10: 59 | C10: 0 | D10: 2 | J10: 8 | K10: =(B10-$B$23)/$B$24 -> 1.1475994 | L10: =(C10-$C$23)/$C$24 -> -2.0118022 | M10: 2
A11: 9 | B11: 38 | C11: 10 | D11: 2 | J11: 9 | K11: =(B11-$B$23)/$B$24 -> -0.69206377 | L11: =(C11-$C$23)/$C$24 -> 0.12841291 | M11: 2
A12: 10 | B12: 46 | C12: 10 | D12: 2 | J12: 10 | K12: =(B12-$B$23)/$B$24 -> 0.0087603009 | L12: =(C12-$C$23)/$C$24 -> 0.12841291 | M12: 2
A13: 11 | B13: 55 | C13: 18 | D13: 2 | J13: 11 | K13: =(B13-$B$23)/$B$24 -> 0.79718738 | L13: =(C13-$C$23)/$C$24 -> 1.840585 | M13: 2
A14: 12 | B14: 43 | C14: 8 | D14: 2 | J14: 12 | K14: =(B14-$B$23)/$B$24 -> -0.25404872 | L14: =(C14-$C$23)/$C$24 -> -0.29963012 | M14: 2
A15: 13 | B15: 43 | C15: 11 | D15: 2 | J15: 13 | K15: =(B15-$B$23)/$B$24 -> -0.25404872 | L15: =(C15-$C$23)/$C$24 -> 0.34243442 | M15: 2
... A22: 20 | B22: 45 | C22: 10 | D22: 3 | J22: 20 | K22: =(B22-$B$23)/$B$24 -> -0.078842708 | L22: =(C22-$C$23)/$C$24 -> 0.12841291 | M22: 3
A23: AVG(平均) | B23: =AVERAGE(B3:B22) -> 45.9 | C23: =AVERAGE(C3:C22) -> 9.4
A24: STD(標準差) | B24: =STDEV(B3:B22) -> 11.415133 | C24: =STDEV(C3:C22) -> 4.6724275

Sheet 2.第1次聚類
A1: No | B1: Age | C1: Income | D1: 原始聚類 | E1: D1 | F1: D2 | G1: D3 | H1: MIN | I1: 第一次聚類 | K1: 正規化的聚類中心
A2: 1 | B2: -0.51685775 | C2: -0.94169465 | D2: 1 | E2: =SUMXMY2($B2:$C2,L$3:L$4) -> 0.81123262 | F2: =SUMXMY2($B2:$C2,M$3:M$4) -> 1.794277 | G2: =SUMXMY2($B2:$C2,N$3:N$4) -> 1.3864602 | H2: =MIN(E2:G2) -> 0.81123262 | I2: =IF(H2=E2,1,IF(H2=F2,2,3)) -> 1 | L2: 聚類1 | M2: 聚類2 | N2: 聚類3
A3: 2 | B3: -0.16644572 | C3: 0.98449895 | D3: 1 | E3: =SUMXMY2($B3:$C3,L$3:L$4) -> 1.9239477 | F3: =SUMXMY2($B3:$C3,M$3:M$4) -> 0.85202642 | G3: =SUMXMY2($B3:$C3,N$3:N$4) -> 0.66429032 | H3: =MIN(E3:G3) -> 0.66429032 | I3: =IF(H3=E3,1,IF(H3=F3,2,3)) -> 3 | K3: Age | L3: =AVERAGE('2.第1次聚類'!B2:B8) -> 0.1714516 | M3: =AVERAGE('2.第1次聚類'!B9:B15) -> 0.2465399 | N3: =AVERAGE(B16:B21) -> -0.48765675
A4: 3 | B4: 2.1988355 | C4: -1.5837592 | D4: 1 | E4: =SUMXMY2($B4:$C4,L$3:L$4) -> 5.6059658 | F4: =SUMXMY2($B4:$C4,M$3:M$4) -> 6.8486239 | G4: =SUMXMY2($B4:$C4,N$3:N$4) -> 10.526667 | H4: =MIN(E4:G4) -> 5.6059658 | I4: =IF(H4=E4,1,IF(H4=F4,2,3)) -> 1 | K4: Income | L4: =AVERAGE('2.第1次聚類'!C2:C8) -> -0.36077912 | M4: =AVERAGE(C9:C15) -> 0.15898741 | N4: =AVERAGE(C16:C21) -> 0.23542366
A5: 4 | B5: 0.0087603009 | C5: -0.72767314 | D5: 1 | E5: =SUMXMY2($B5:$C5,L$3:L$4) -> 0.16107968 | F5: =SUMXMY2($B5:$C5,M$3:M$4) -> 0.84270606 | G5: =SUMXMY2($B5:$C5,N$3:N$4) -> 1.1739853 | H5: =MIN(E5:G5) -> 0.16107968 | I5: =IF(H5=E5,1,IF(H5=F5,2,3)) -> 1 | K5: 樣本比例 | L5: =COUNTIF($D$2:$D$21,1)/100 -> 0.07 | M5: =COUNTIF($D$2:$D$21,2)/100 -> 0.07 | N5: =COUNTIF($D$2:$D$21,3)/100 -> 0.06
A6: 5 | B6: 1.4980114 | C6: -1.3697377 | D6: 1 | E6: =SUMXMY2($B6:$C6,L$3:L$4) -> 2.7777584 | F6: =SUMXMY2($B6:$C6,M$3:M$4) -> 3.9031814 | G6: =SUMXMY2($B6:$C6,N$3:N$4) -> 6.5194211 | H6: =MIN(E6:G6) -> 2.7777584 | I6: =IF(H6=E6,1,IF(H6=F6,2,3)) -> 1
A7: 6 | B7: 0.27156933 | C7: 0.34243442 | D7: 1 | E7: =SUMXMY2($B7:$C7,L$3:L$4) -> 0.50453284 | F7: =SUMXMY2($B7:$C7,M$3:M$4) -> 0.034279278 | G7: =SUMXMY2($B7:$C7,N$3:N$4) -> 0.58787553 | H7: =MIN(E7:G7) -> 0.034279278 | I7: =IF(H7=E7,1,IF(H7=F7,2,3)) -> 2
A8: 7 | B8: -2.0937119 | C8: 0.77047744 | D8: 1 | E8: =SUMXMY2($B8:$C8,L$3:L$4) -> 6.4107071 | F8: =SUMXMY2($B8:$C8,M$3:M$4) -> 5.8506985 | G8: =SUMXMY2($B8:$C8,N$3:N$4) -> 2.8656957 | H8: =MIN(E8:G8) -> 2.8656957 | I8: =IF(H8=E8,1,IF(H8=F8,2,3)) -> 3
A9: 8 | B9: 1.1475994 | C9: -2.0118022 | D9: 2 | E9: =SUMXMY2($B9:$C9,L$3:L$4) -> 3.6787418 | F9: =SUMXMY2($B9:$C9,M$3:M$4) -> 5.5242358 | G9: =SUMXMY2($B9:$C9,N$3:N$4) -> 7.7240868 | H9: =MIN(E9:G9) -> 3.6787418 | I9: =IF(H9=E9,1,IF(H9=F9,2,3)) -> 1
A10: 9 | B10: -0.69206377 | C10: 0.12841291 | D10: 2 | E10: =SUMXMY2($B10:$C10,L$3:L$4) -> 0.98496763 | F10: =SUMXMY2($B10:$C10,M$3:M$4) -> 0.88191164 | G10: =SUMXMY2($B10:$C10,N$3:N$4) -> 0.053233532 | H10: =MIN(E10:G10) -> 0.053233532 | I10: =IF(H10=E10,1,IF(H10=F10,2,3)) -> 3
A11: 10 | B11: 0.0087603009 | C11: 0.12841291 | D11: 2 | E11: =SUMXMY2($B11:$C11,L$3:L$4) -> 0.2657773 | F11: =SUMXMY2($B11:$C11,M$3:M$4) -> 0.057473936 | G11: =SUMXMY2($B11:$C11,N$3:N$4) -> 0.25788119 | H11: =MIN(E11:G11) -> 0.057473936 | I11: =IF(H11=E11,1,IF(H11=F11,2,3)) -> 2
A12: 11 | B12: 0.79718738 | C12: 1.840585 | D12: 2 | E12: =SUMXMY2($B12:$C12,L$3:L$4) -> 5.2375492 | F12: =SUMXMY2($B12:$C12,M$3:M$4) -> 3.1309831 | G12: =SUMXMY2($B12:$C12,N$3:N$4) -> 4.2273673 | H12: =MIN(E12:G12) -> 3.1309831 | I12: =IF(H12=E12,1,IF(H12=F12,2,3)) -> 2
A13: 12 | B13: -0.25404872 | C13: -0.29963012 | D13: 2 | E13: =SUMXMY2($B13:$C13,L$3:L$4) -> 0.18478973 | F13: =SUMXMY2($B13:$C13,M$3:M$4) -> 0.460919 | G13: =SUMXMY2($B13:$C13,N$3:N$4) -> 0.34085525 | H13: =MIN(E13:G13) -> 0.18478973 | I13: =IF(H13=E13,1,IF(H13=F13,2,3)) -> 1
A14: 13 | B14: -0.25404872 | C14: 0.34243442 | D14: 2 | E14: =SUMXMY2($B14:$C14,L$3:L$4) -> 0.67555981 | F14: =SUMXMY2($B14:$C14,M$3:M$4) -> 0.28424177 | G14: =SUMXMY2($B14:$C14,N$3:N$4) -> 0.06602401 | H14: =MIN(E14:G14) -> 0.06602401 | I14: =IF(H14=E14,1,IF(H14=F14,2,3)) -> 3
A15: 14 | B15: 0.97239339 | C15: 0.98449895 | D15: 2 | E15: =SUMXMY2($B15:$C15,L$3:L$4) -> 2.4512808 | F15: =SUMXMY2($B15:$C15,M$3:M$4) -> 1.2083326 | G15: =SUMXMY2($B15:$C15,N$3:N$4) -> 2.6928602 | H15: =MIN(E15:G15) -> 1.2083326 | I15: =IF(H15=E15,1,IF(H15=F15,2,3)) -> 2
A16: 15 | B16: 0.27156933 | C16: 1.6265635 | D16: 3 | E16: =SUMXMY2($B16:$C16,L$3:L$4) -> 3.9595542 | F16: =SUMXMY2($B16:$C16,M$3:M$4) -> 2.154406 | G16: =SUMXMY2($B16:$C16,N$3:N$4) -> 2.5116942 | H16: =MIN(E16:G16) -> 2.154406 | I16: =IF(H16=E16,1,IF(H16=F16,2,3)) -> 2
A17: 16 | B17: -0.95487279 | C17: -0.29963012 | D17: 3 | E17: =SUMXMY2($B17:$C17,L$3:L$4) -> 1.2723458 | F17: =SUMXMY2($B17:$C17,M$3:M$4) -> 1.6537225 | G17: =SUMXMY2($B17:$C17,N$3:N$4) -> 0.50457338 | H17: =MIN(E17:G17) -> 0.50457338 | I17: =IF(H17=E17,1,IF(H17=F17,2,3)) -> 3
... A21: 20 | B21: -0.078842708 | C21: 0.12841291 | D21: 3 | E21: =SUMXMY2($B21:$C21,L$3:L$4) -> 0.30195608 | F21: =SUMXMY2($B21:$C21,M$3:M$4) -> 0.10680864 | G21: =SUMXMY2($B21:$C21,N$3:N$4) -> 0.17858022 | H21: =MIN(E21:G21) -> 0.10680864 | I21: =IF(H21=E21,1,IF(H21=F21,2,3)) -> 2

Sheet 3.第2次聚類
A1: No | B1: Age | C1: Income | D1: 第一次聚類 | E1: D1 | F1: D2 | G1: D3 | H1: MIN | I1: 第二次聚類 | K1: 正規化的聚類中心 | P1: Age | Q1: Income | R1: 第一次聚類(排序)
A2: 1 | B2: -0.51685775 | C2: -0.94169465 | D2: 1 | E2: =SUMXMY2($B2:$C2,L$3:L$4) -> 1.4791915 | F2: =SUMXMY2($B2:$C2,M$3:M$4) -> 3.97414 | G2: =SUMXMY2($B2:$C2,N$3:N$4) -> 1.4605517 | H2: =MIN(E2:G2) -> 1.4605517 | I2: =IF(H2=E2,1,IF(H2=F2,2,3)) -> 3 | L2: 聚類1 | M2: 聚類2 | N2: 聚類3 | P2: -0.51685775 | Q2: -0.94169465 | R2: 1
A3: 2 | B3: -0.16644572 | C3: 0.98449895 | D3: 3 | E3: =SUMXMY2($B3:$C3,L$3:L$4) -> 5.2976402 | F3: =SUMXMY2($B3:$C3,M$3:M$4) -> 0.31219395 | G3: =SUMXMY2($B3:$C3,N$3:N$4) -> 0.95070377 | H3: =MIN(E3:G3) -> 0.31219395 | I3: =IF(H3=E3,1,IF(H3=F3,2,3)) -> 2 | K3: Age | L3: =AVERAGE(P2:P7) -> 0.68038337 | M3: =AVERAGE(P8:P13) -> 0.37377284 | N3: =AVERAGE(P14:P21) -> -0.79061715 | P3: 2.1988355 | Q3: -1.5837592 | R3: 1
A4: 3 | B4: 2.1988355 | C4: -1.5837592 | D4: 1 | E4: =SUMXMY2($B4:$C4,L$3:L$4) -> 2.4889178 | F4: =SUMXMY2($B4:$C4,M$3:M$4) -> 9.2142782 | G4: =SUMXMY2($B4:$C4,N$3:N$4) -> 12.246253 | H4: =MIN(E4:G4) -> 2.4889178 | I4: =IF(H4=E4,1,IF(H4=F4,2,3)) -> 1 | K4: Income | L4: =AVERAGE(Q2:Q7) -> -1.1557162 | M4: =AVERAGE(Q8:Q13) -> 0.84181794 | N4: =AVERAGE(Q14:Q21) -> 0.23542366 | P4: 0.0087603009 | Q4: -0.72767314 | R4: 1
A5: 4 | B5: 0.0087603009 | C5: -0.72767314 | D5: 1 | E5: =SUMXMY2($B5:$C5,L$3:L$4) -> 0.63429837 | F5: =SUMXMY2($B5:$C5,M$3:M$4) -> 2.5965364 | G5: =SUMXMY2($B5:$C5,N$3:N$4) -> 1.5665598 | H5: =MIN(E5:G5) -> 0.63429837 | I5: =IF(H5=E5,1,IF(H5=F5,2,3)) -> 1 | K5: 樣本比例 | L5: =COUNTIF($D$2:$D$21,1)/100 -> 0.06 | M5: =COUNTIF($D$2:$D$21,2)/100 -> 0.06 | N5: =COUNTIF($D$2:$D$21,3)/100 -> 0.08 | P5: 1.4980114 | Q5: -1.3697377 | R5: 1
A6: 5 | B6: 1.4980114 | C6: -1.3697377 | D6: 1 | E6: =SUMXMY2($B6:$C6,L$3:L$4) -> 0.71432088 | F6: =SUMXMY2($B6:$C6,M$3:M$4) -> 6.1548907 | G6: =SUMXMY2($B6:$C6,N$3:N$4) -> 7.8143638 | H6: =MIN(E6:G6) -> 0.71432088 | I6: =IF(H6=E6,1,IF(H6=F6,2,3)) -> 1 | P6: 1.1475994 | Q6: -2.0118022 | R6: 1
A7: 6 | B7: 0.27156933 | C7: 0.34243442 | D7: 2 | E7: =SUMXMY2($B7:$C7,L$3:L$4) -> 2.4115841 | F7: =SUMXMY2($B7:$C7,M$3:M$4) -> 0.25982946 | G7: =SUMXMY2($B7:$C7,N$3:N$4) -> 1.1396914 | H7: =MIN(E7:G7) -> 0.25982946 | I7: =IF(H7=E7,1,IF(H7=F7,2,3)) -> 2 | P7: -0.25404872 | Q7: -0.29963012 | R7: 1
A8: 7 | B8: -2.0937119 | C8: 0.77047744 | D8: 3 | E8: =SUMXMY2($B8:$C8,L$3:L$4) -> 11.405826 | F8: =SUMXMY2($B8:$C8,M$3:M$4) -> 6.0935704 | G8: =SUMXMY2($B8:$C8,N$3:N$4) -> 1.9843385 | H8: =MIN(E8:G8) -> 1.9843385 | I8: =IF(H8=E8,1,IF(H8=F8,2,3)) -> 3 | P8: 0.27156933 | Q8: 0.34243442 | R8: 2
A9: 8 | B9: 1.1475994 | C9: -2.0118022 | D9: 1 | E9: =SUMXMY2($B9:$C9,L$3:L$4) -> 0.95117415 | F9: =SUMXMY2($B9:$C9,M$3:M$4) -> 8.7419555 | G9: =SUMXMY2($B9:$C9,N$3:N$4) -> 8.8067076 | H9: =MIN(E9:G9) -> 0.95117415 | I9: =IF(H9=E9,1,IF(H9=F9,2,3)) -> 1 | P9: 0.0087603009 | Q9: 0.12841291 | R9: 2
A10: 9 | B10: -0.69206377 | C10: 0.12841291 | D10: 3 | E10: =SUMXMY2($B10:$C10,L$3:L$4) -> 3.5325986 | F10: =SUMXMY2($B10:$C10,M$3:M$4) -> 1.6449544 | G10: =SUMXMY2($B10:$C10,N$3:N$4) -> 0.021164071 | H10: =MIN(E10:G10) -> 0.021164071 | I10: =IF(H10=E10,1,IF(H10=F10,2,3)) -> 3 | P10: 0.79718738 | Q10: 1.840585 | R10: 2
A11: 10 | B11: 0.0087603009 | C11: 0.12841291 | D11: 2 | E11: =SUMXMY2($B11:$C11,L$3:L$4) -> 2.100065 | F11: =SUMXMY2($B11:$C11,M$3:M$4) -> 0.6421809 | G11: =SUMXMY2($B11:$C11,N$3:N$4) -> 0.65045561 | H11: =MIN(E11:G11) -> 0.6421809 | I11: =IF(H11=E11,1,IF(H11=F11,2,3)) -> 2 | P11: 0.97239339 | Q11: 0.98449895 | R11: 2
A12: 11 | B12: 0.79718738 | C12: 1.840585 | D12: 2 | E12: =SUMXMY2($B12:$C12,L$3:L$4) -> 8.9914638 | F12: =SUMXMY2($B12:$C12,M$3:M$4) -> 1.1768155 | G12: =SUMXMY2($B12:$C12,N$3:N$4) -> 5.0976661 | H12: =MIN(E12:G12) -> 1.1768155 | I12: =IF(H12=E12,1,IF(H12=F12,2,3)) -> 2 | P12: 0.27156933 | Q12: 1.6265635 | R12: 2
A13: 12 | B13: -0.25404872 | C13: -0.29963012 | D13: 1 | E13: =SUMXMY2($B13:$C13,L$3:L$4) -> 1.6060466 | F13: =SUMXMY2($B13:$C13,M$3:M$4) -> 1.6970636 | G13: =SUMXMY2($B13:$C13,N$3:N$4) -> 0.57418822 | H13: =MIN(E13:G13) -> 0.57418822 | I13: =IF(H13=E13,1,IF(H13=F13,2,3)) -> 3 | P13: -0.078842708 | Q13: 0.12841291 | R13: 2
A14: 13 | B14: -0.25404872 | C14: 0.34243442 | D14: 3 | E14: =SUMXMY2($B14:$C14,L$3:L$4) -> 3.1176185 | F14: =SUMXMY2($B14:$C14,M$3:M$4) -> 0.64354382 | G14: =SUMXMY2($B14:$C14,N$3:N$4) -> 0.29935698 | H14: =MIN(E14:G14) -> 0.29935698 | I14: =IF(H14=E14,1,IF(H14=F14,2,3)) -> 3 | P14: -0.16644572 | Q14: 0.98449895 | R14: 3
A15: 14 | B15: 0.97239339 | C15: 0.98449895 | D15: 2 | E15: =SUMXMY2($B15:$C15,L$3:L$4) -> 4.6657906 | F15: =SUMXMY2($B15:$C15,M$3:M$4) -> 0.37870444 | G15: =SUMXMY2($B15:$C15,N$3:N$4) -> 3.66932 | H15: =MIN(E15:G15) -> 0.37870444 | I15: =IF(H15=E15,1,IF(H15=F15,2,3)) -> 2 | P15: -2.0937119 | Q15: 0.77047744 | R15: 3
A16: 15 | B16: 0.27156933 | C16: 1.6265635 | D16: 2 | E16: =SUMXMY2($B16:$C16,L$3:L$4) -> 7.908209 | F16: =SUMXMY2($B16:$C16,M$3:M$4) -> 0.62627112 | G16: =SUMXMY2($B16:$C16,N$3:N$4) -> 3.0635101 | H16: =MIN(E16:G16) -> 0.62627112 | I16: =IF(H16=E16,1,IF(H16=F16,2,3)) -> 2 | P16: -0.69206377 | Q16: 0.12841291 | R16: 3
A17: 16 | B17: -0.95487279 | C17: -0.29963012 | D17: 3 | E17: =SUMXMY2($B17:$C17,L$3:L$4) -> 3.406946 | F17: =SUMXMY2($B17:$C17,M$3:M$4) -> 3.0682029 | G17: =SUMXMY2($B17:$C17,N$3:N$4) -> 0.31326246 | H17: =MIN(E17:G17) -> 0.31326246 | I17: =IF(H17=E17,1,IF(H17=F17,2,3)) -> 3 | P17: -0.25404872 | Q17: 0.34243442 | R17: 3
... A21: 20 | B21: -0.078842708 | C21: 0.12841291 | D21: 2 | E21: =SUMXMY2($B21:$C21,L$3:L$4) -> 2.2254117 | F21: =SUMXMY2($B21:$C21,M$3:M$4) -> 0.71380758 | G21: =SUMXMY2($B21:$C21,N$3:N$4) -> 0.51807416 | H21: =MIN(E21:G21) -> 0.51807416 | I21: =IF(H21=E21,1,IF(H21=F21,2,3)) -> 3 | P21: -0.42925474 | Q21: -0.29963012 | R21: 3

Sheet 4.第3次聚類
A1: No | B1: Age | C1: Income | D1: 第二次聚類 | E1: D1 | F1: D2 | G1: D3 | H1: MIN | I1: 第三次類聚 | K1: 正規化的聚類中心 | P1: Age | Q1: Income | R1: 第二次聚類(排序)
A2: 1 | B2: -0.51685775 | C2: -0.94169465 | D2: 3 | E2: =SUMXMY2($B2:$C2,L$3:L$4) -> 3.2253405 | F2: =SUMXMY2($B2:$C2,M$3:M$4) -> 4.4776505 | G2: =SUMXMY2($B2:$C2,N$3:N$4) -> 0.88078189 | H2: =MIN(E2:G2) -> 0.88078189 | I2: =IF(H2=E2,1,IF(H2=F2,2,3)) -> 3 | L2: 聚類1 | M2: 聚類2 | N2: 聚類3 | P2: 2.1988355 | Q2: -1.5837592 | R2: 1
A3: 2 | B3: -0.16644572 | C3: 0.98449895 | D3: 2 | E3: =SUMXMY2($B3:$C3,L$3:L$4) -> 7.7009244 | F3: =SUMXMY2($B3:$C3,M$3:M$4) -> 0.27627434 | G3: =SUMXMY2($B3:$C3,N$3:N$4) -> 1.2973973 | H3: =MIN(E3:G3) -> 0.27627434 | I3: =IF(H3=E3,1,IF(H3=F3,2,3)) -> 2 | K3: Age | L3: =AVERAGE(P2:P5) -> 1.2133017 | M3: =AVERAGE(P6:P11) -> 0.35917233 | N3: =AVERAGE(P12:P21) -> -0.70082407 | P3: 0.0087603009 | Q3: -0.72767314 | R3: 1
A4: 3 | B4: 2.1988355 | C4: -1.5837592 | D4: 1 | E4: =SUMXMY2($B4:$C4,L$3:L$4) -> 0.99704239 | F4: =SUMXMY2($B4:$C4,M$3:M$4) -> 9.9803105 | G4: =SUMXMY2($B4:$C4,N$3:N$4) -> 10.848985 | H4: =MIN(E4:G4) -> 0.99704239 | I4: =IF(H4=E4,1,IF(H4=F4,2,3)) -> 1 | K4: Income | L4: =AVERAGE(Q2:Q5) -> -1.4232431 | M4: =AVERAGE(Q6:Q11) -> 0.98449895 | N4: =AVERAGE(Q12:Q21) -> -0.021402151 | P4: 1.4980114 | Q4: -1.3697377 | R4: 1
A5: 4 | B5: 0.0087603009 | C5: -0.72767314 | D5: 1 | E5: =SUMXMY2($B5:$C5,L$3:L$4) -> 1.9347374 | F5: =SUMXMY2($B5:$C5,M$3:M$4) -> 3.0543219 | G5: =SUMXMY2($B5:$C5,N$3:N$4) -> 1.0023287 | H5: =MIN(E5:G5) -> 1.0023287 | I5: =IF(H5=E5,1,IF(H5=F5,2,3)) -> 3 | K5: 樣本比例 | L5: =COUNTIF($D$2:$D$21,1)/100 -> 0.04 | M5: =COUNTIF($D$2:$D$21,2)/100 -> 0.06 | N5: =COUNTIF($D$2:$D$21,3)/100 -> 0.1 | P5: 1.1475994 | Q5: -2.0118022 | R5: 1
A6: 5 | B6: 1.4980114 | C6: -1.3697377 | D6: 1 | E6: =SUMXMY2($B6:$C6,L$3:L$4) -> 0.083922483 | F6: =SUMXMY2($B6:$C6,M$3:M$4) -> 6.8393846 | G6: =SUMXMY2($B6:$C6,N$3:N$4) -> 6.6528863 | H6: =MIN(E6:G6) -> 0.083922483 | I6: =IF(H6=E6,1,IF(H6=F6,2,3)) -> 1 | P6: -0.16644572 | Q6: 0.98449895 | R6: 2
A7: 6 | B7: 0.27156933 | C7: 0.34243442 | D7: 2 | E7: =SUMXMY2($B7:$C7,L$3:L$4) -> 4.0044767 | F7: =SUMXMY2($B7:$C7,M$3:M$4) -> 0.41992115 | G7: =SUMXMY2($B7:$C7,N$3:N$4) -> 1.077926 | H7: =MIN(E7:G7) -> 0.41992115 | I7: =IF(H7=E7,1,IF(H7=F7,2,3)) -> 2 | P7: 0.27156933 | Q7: 0.34243442 | R7: 2
A8: 7 | B8: -2.0937119 | C8: 0.77047744 | D8: 3 | E8: =SUMXMY2($B8:$C8,L$3:L$4) -> 15.748748 | F8: =SUMXMY2($B8:$C8,M$3:M$4) -> 6.0624463 | G8: =SUMXMY2($B8:$C8,N$3:N$4) -> 2.5672098 | H8: =MIN(E8:G8) -> 2.5672098 | I8: =IF(H8=E8,1,IF(H8=F8,2,3)) -> 3 | P8: 0.0087603009 | Q8: 0.12841291 | R8: 2
A9: 8 | B9: 1.1475994 | C9: -2.0118022 | D9: 1 | E9: =SUMXMY2($B9:$C9,L$3:L$4) -> 0.35071867 | F9: =SUMXMY2($B9:$C9,M$3:M$4) -> 9.5994379 | G9: =SUMXMY2($B9:$C9,N$3:N$4) -> 7.3783617 | H9: =MIN(E9:G9) -> 0.35071867 | I9: =IF(H9=E9,1,IF(H9=F9,2,3)) -> 1 | P9: 0.79718738 | Q9: 1.840585 | R9: 2
A10: 9 | B10: -0.69206377 | C10: 0.12841291 | D10: 3 | E10: =SUMXMY2($B10:$C10,L$3:L$4) -> 6.0380537 | F10: =SUMXMY2($B10:$C10,M$3:M$4) -> 1.8379807 | G10: =SUMXMY2($B10:$C10,N$3:N$4) -> 0.022521294 | H10: =MIN(E10:G10) -> 0.022521294 | I10: =IF(H10=E10,1,IF(H10=F10,2,3)) -> 3 | P10: 0.97239339 | Q10: 0.98449895 | R10: 2
A11: 10 | B11: 0.0087603009 | C11: 0.12841291 | D11: 2 | E11: =SUMXMY2($B11:$C11,L$3:L$4) -> 3.8585561 | F11: =SUMXMY2($B11:$C11,M$3:M$4) -> 0.85567191 | G11: =SUMXMY2($B11:$C11,N$3:N$4) -> 0.52595453 | H11: =MIN(E11:G11) -> 0.52595453 | I11: =IF(H11=E11,1,IF(H11=F11,2,3)) -> 3 | P11: 0.27156933 | Q11: 1.6265635 | R11: 2
A12: 11 | B12: 0.79718738 | C12: 1.840585 | D12: 2 | E12: =SUMXMY2($B12:$C12,L$3:L$4) -> 10.825725 | F12: =SUMXMY2($B12:$C12,M$3:M$4) -> 0.92474049 | G12: =SUMXMY2($B12:$C12,N$3:N$4) -> 5.7110344 | H12: =MIN(E12:G12) -> 0.92474049 | I12: =IF(H12=E12,1,IF(H12=F12,2,3)) -> 2 | P12: -0.51685775 | Q12: -0.94169465 | R12: 3
A13: 12 | B13: -0.25404872 | C13: -0.29963012 | D13: 3 | E13: =SUMXMY2($B13:$C13,L$3:L$4) -> 3.4156232 | F13: =SUMXMY2($B13:$C13,M$3:M$4) -> 2.0250275 | G13: =SUMXMY2($B13:$C13,N$3:N$4) -> 0.27701901 | H13: =MIN(E13:G13) -> 0.27701901 | I13: =IF(H13=E13,1,IF(H13=F13,2,3)) -> 3 | P13: -2.0937119 | Q13: 0.77047744 | R13: 3
A14: 13 | B14: -0.25404872 | C14: 0.34243442 | D14: 3 | E14: =SUMXMY2($B14:$C14,L$3:L$4) -> 5.2707341 | F14: =SUMXMY2($B14:$C14,M$3:M$4) -> 0.78828693 | G14: =SUMXMY2($B14:$C14,N$3:N$4) -> 0.33198526 | H14: =MIN(E14:G14) -> 0.33198526 | I14: =IF(H14=E14,1,IF(H14=F14,2,3)) -> 3 | P14: -0.69206377 | Q14: 0.12841291 | R14: 3
A15: 14 | B15: 0.97239339 | C15: 0.98449895 | D15: 2 | E15: =SUMXMY2($B15:$C15,L$3:L$4) -> 5.8552583 | F15: =SUMXMY2($B15:$C15,M$3:M$4) -> 0.37604007 | G15: =SUMXMY2($B15:$C15,N$3:N$4) -> 3.8114937 | H15: =MIN(E15:G15) -> 0.37604007 | I15: =IF(H15=E15,1,IF(H15=F15,2,3)) -> 2 | P15: -0.25404872 | Q15: -0.29963012 | R15: 3
A16: 15 | B16: 0.27156933 | C16: 1.6265635 | D16: 2 | E16: =SUMXMY2($B16:$C16,L$3:L$4) -> 10.18818 | F16: =SUMXMY2($B16:$C16,M$3:M$4) -> 0.41992115 | G16: =SUMXMY2($B16:$C16,N$3:N$4) -> 3.6613397 | H16: =MIN(E16:G16) -> 0.41992115 | I16: =IF(H16=E16,1,IF(H16=F16,2,3)) -> 2 | P16: -0.25404872 | Q16: 0.34243442 | R16: 3
A17: 16 | B17: -0.95487279 | C17: -0.29963012 | D17: 3 | E17: =SUMXMY2($B17:$C17,L$3:L$4) -> 5.9634865 | F17: =SUMXMY2($B17:$C17,M$3:M$4) -> 3.3757021 | G17: =SUMXMY2($B17:$C17,N$3:N$4) -> 0.14195155 | H17: =MIN(E17:G17) -> 0.14195155 | I17: =IF(H17=E17,1,IF(H17=F17,2,3)) -> 3 | P17: -0.95487279 | Q17: -0.29963012 | R17: 3
... A21: 20 | B21: -0.078842708 | C21: 0.12841291 | D21: 3 | E21: =SUMXMY2($B21:$C21,L$3:L$4) -> 4.0772733 | F21: =SUMXMY2($B21:$C21,M$3:M$4) -> 0.92474049 | G21: =SUMXMY2($B21:$C21,N$3:N$4) -> 0.40930536 | H21: =MIN(E21:G21) -> 0.40930536 | I21: =IF(H21=E21,1,IF(H21=F21,2,3)) -> 3 | P21: -0.078842708 | Q21: 0.12841291 | R21: 3

Sheet 5.第4次聚類-Bingo
A1: No | B1: Age | C1: Income | D1: 第三次類聚 | E1: D1 | F1: D2 | G1: D3 | H1: MIN | I1: 第四次類聚 | K1: 正規化的聚類中心 | P1: Age | Q1: Income | R1: 第三次類聚排序)
A2: 1 | B2: -0.51685775 | C2: -0.94169465 | D2: 3 | E2: =SUMXMY2($B2:$C2,L$3:L$4) -> 5.0529774 | F2: =SUMXMY2($B2:$C2,M$3:M$4) -> 5.294261 | G2: =SUMXMY2($B2:$C2,N$3:N$4) -> 0.768055 | H2: =MIN(E2:G2) -> 0.768055 | I2: =IF(H2=E2,1,IF(H2=F2,2,3)) -> 3 | L2: 聚類1 | M2: 聚類2 | N2: 聚類3 | P2: 2.1988355 | Q2: -1.5837592 | R2: 1
A3: 2 | B3: -0.16644572 | C3: 0.98449895 | D3: 2 | E3: =SUMXMY2($B3:$C3,L$3:L$4) -> 10.140372 | F3: =SUMXMY2($B3:$C3,M$3:M$4) -> 0.38417437 | G3: =SUMXMY2($B3:$C3,N$3:N$4) -> 1.2804284 | H3: =MIN(E3:G3) -> 0.38417437 | I3: =IF(H3=E3,1,IF(H3=F3,2,3)) -> 2 | K3: Age | L3: =AVERAGE(P2:P4) -> 1.6148155 | M3: =AVERAGE(P5:P9) -> 0.42925474 | N3: =AVERAGE(P10:P21) -> -0.58256001 | P3: 1.4980114 | Q3: -1.3697377 | R3: 1
A4: 3 | B4: 2.1988355 | C4: -1.5837592 | D4: 1 | E4: =SUMXMY2($B4:$C4,L$3:L$4) -> 0.34616889 | F4: =SUMXMY2($B4:$C4,M$3:M$4) -> 10.636141 | G4: =SUMXMY2($B4:$C4,N$3:N$4) -> 10.034374 | H4: =MIN(E4:G4) -> 0.34616889 | I4: =IF(H4=E4,1,IF(H4=F4,2,3)) -> 1 | K4: Income | L4: =AVERAGE(Q2:Q4) -> -1.6550997 | M4: =AVERAGE(Q5:Q9) -> 1.1557162 | N4: =AVERAGE(Q10:Q21) -> -0.067773479 | P4: 1.1475994 | Q4: -2.0118022 | R4: 1
A5: 4 | B5: 0.0087603009 | C5: -0.72767314 | D5: 3 | E5: =SUMXMY2($B5:$C5,L$3:L$4) -> 3.4395332 | F5: =SUMXMY2($B5:$C5,M$3:M$4) -> 3.7239708 | G5: =SUMXMY2($B5:$C5,N$3:N$4) -> 0.78512727 | H5: =MIN(E5:G5) -> 0.78512727 | I5: =IF(H5=E5,1,IF(H5=F5,2,3)) -> 3 | K5: 樣本比例 | L5: =COUNTIF($D$2:$D$21,1)/100 -> 0.03 | M5: =COUNTIF($D$2:$D$21,2)/100 -> 0.05 | N5: =COUNTIF($D$2:$D$21,3)/100 -> 0.12 | P5: -0.16644572 | Q5: 0.98449895 | R5: 2
A6: 5 | B6: 1.4980114 | C6: -1.3697377 | D6: 1 | E6: =SUMXMY2($B6:$C6,L$3:L$4) -> 0.095074657 | F6: =SUMXMY2($B6:$C6,M$3:M$4) -> 7.520158 | G6: =SUMXMY2($B6:$C6,N$3:N$4) -> 6.0238883 | H6: =MIN(E6:G6) -> 0.095074657 | I6: =IF(H6=E6,1,IF(H6=F6,2,3)) -> 1 | P6: 0.27156933 | Q6: 0.34243442 | R6: 2
A7: 6 | B7: 0.27156933 | C7: 0.34243442 | D7: 2 | E7: =SUMXMY2($B7:$C7,L$3:L$4) -> 5.7944527 | F7: =SUMXMY2($B7:$C7,M$3:M$4) -> 0.68629188 | G7: =SUMXMY2($B7:$C7,N$3:N$4) -> 0.89780744 | H7: =MIN(E7:G7) -> 0.68629188 | I7: =IF(H7=E7,1,IF(H7=F7,2,3)) -> 2 | P7: 0.79718738 | Q7: 1.840585 | R7: 2
A8: 7 | B8: -2.0937119 | C8: 0.77047744 | D8: 3 | E8: =SUMXMY2($B8:$C8,L$3:L$4) -> 19.6366 | F8: =SUMXMY2($B8:$C8,M$3:M$4) -> 6.5137696 | G8: =SUMXMY2($B8:$C8,N$3:N$4) -> 2.9862447 | H8: =MIN(E8:G8) -> 2.9862447 | I8: =IF(H8=E8,1,IF(H8=F8,2,3)) -> 3 | P8: 0.97239339 | Q8: 0.98449895 | R8: 2
A9: 8 | B9: 1.1475994 | C9: -2.0118022 | D9: 1 | E9: =SUMXMY2($B9:$C9,L$3:L$4) -> 0.34552752 | F9: =SUMXMY2($B9:$C9,M$3:M$4) -> 10.549192 | G9: =SUMXMY2($B9:$C9,N$3:N$4) -> 6.7726993 | H9: =MIN(E9:G9) -> 0.34552752 | I9: =IF(H9=E9,1,IF(H9=F9,2,3)) -> 1 | P9: 0.27156933 | Q9: 1.6265635 | R9: 2
A10: 9 | B10: -0.69206377 | C10: 0.12841291 | D10: 3 | E10: =SUMXMY2($B10:$C10,L$3:L$4) -> 8.5026089 | F10: =SUMXMY2($B10:$C10,M$3:M$4) -> 2.3127072 | G10: =SUMXMY2($B10:$C10,N$3:N$4) -> 0.050480171 | H10: =MIN(E10:G10) -> 0.050480171 | I10: =IF(H10=E10,1,IF(H10=F10,2,3)) -> 3 | P10: -0.51685775 | Q10: -0.94169465 | R10: 3
A11: 10 | B11: 0.0087603009 | C11: 0.12841291 | D11: 3 | E11: =SUMXMY2($B11:$C11,L$3:L$4) -> 5.7603303 | F11: =SUMXMY2($B11:$C11,M$3:M$4) -> 1.2321676 | G11: =SUMXMY2($B11:$C11,N$3:N$4) -> 0.3881488 | H11: =MIN(E11:G11) -> 0.3881488 | I11: =IF(H11=E11,1,IF(H11=F11,2,3)) -> 3 | P11: 0.0087603009 | Q11: -0.72767314 | R11: 3
A12: 11 | B12: 0.79718738 | C12: 1.840585 | D12: 2 | E12: =SUMXMY2($B12:$C12,L$3:L$4) -> 12.888327 | F12: =SUMXMY2($B12:$C12,M$3:M$4) -> 0.60441975 | G12: =SUMXMY2($B12:$C12,N$3:N$4) -> 5.5455349 | H12: =MIN(E12:G12) -> 0.60441975 | I12: =IF(H12=E12,1,IF(H12=F12,2,3)) -> 2 | P12: -2.0937119 | Q12: 0.77047744 | R12: 3
A13: 12 | B13: -0.25404872 | C13: -0.29963012 | D13: 3 | E13: =SUMXMY2($B13:$C13,L$3:L$4) -> 5.3299511 | F13: =SUMXMY2($B13:$C13,M$3:M$4) -> 2.5849364 | G13: =SUMXMY2($B13:$C13,N$3:N$4) -> 0.16167716 | H13: =MIN(E13:G13) -> 0.16167716 | I13: =IF(H13=E13,1,IF(H13=F13,2,3)) -> 3 | P13: -0.69206377 | Q13: 0.12841291 | R13: 3
A14: 13 | B14: -0.25404872 | C14: 0.34243442 | D14: 3 | E14: =SUMXMY2($B14:$C14,L$3:L$4) -> 7.4827958 | F14: =SUMXMY2($B14:$C14,M$3:M$4) -> 1.1283308 | G14: =SUMXMY2($B14:$C14,N$3:N$4) -> 0.27619018 | H14: =MIN(E14:G14) -> 0.27619018 | I14: =IF(H14=E14,1,IF(H14=F14,2,3)) -> 3 | P14: 0.0087603009 | Q14: 0.12841291 | R14: 3
A15: 14 | B15: 0.97239339 | C15: 0.98449895 | D15: 2 | E15: =SUMXMY2($B15:$C15,L$3:L$4) -> 7.3801871 | F15: =SUMXMY2($B15:$C15,M$3:M$4) -> 0.32431493 | G15: =SUMXMY2($B15:$C15,N$3:N$4) -> 3.5251573 | H15: =MIN(E15:G15) -> 0.32431493 | I15: =IF(H15=E15,1,IF(H15=F15,2,3)) -> 2 | P15: -0.25404872 | Q15: -0.29963012 | R15: 3
A16: 15 | B16: 0.27156933 | C16: 1.6265635 | D16: 2 | E16: =SUMXMY2($B16:$C16,L$3:L$4) -> 12.573623 | F16: =SUMXMY2($B16:$C16,M$3:M$4) -> 0.24656189 | G16: =SUMXMY2($B16:$C16,N$3:N$4) -> 3.6003147 | H16: =MIN(E16:G16) -> 0.24656189 | I16: =IF(H16=E16,1,IF(H16=F16,2,3)) -> 2 | P16: -0.25404872 | Q16: 0.34243442 | R16: 3
A17: 16 | B17: -0.95487279 | C17: -0.29963012 | D17: 3 | E17: =SUMXMY2($B17:$C17,L$3:L$4) -> 8.4405955 | F17: =SUMXMY2($B17:$C17,M$3:M$4) -> 4.0338418 | G17: =SUMXMY2($B17:$C17,N$3:N$4) -> 0.19237431 | H17: =MIN(E17:G17) -> 0.19237431 | I17: =IF(H17=E17,1,IF(H17=F17,2,3)) -> 3 | P17: -0.95487279 | Q17: -0.29963012 | R17: 3
... A21: 20 | B21: -0.078842708 | C21: 0.12841291 | D21: 3 | E21: =SUMXMY2($B21:$C21,L$3:L$4) -> 6.0493952 | F21: =SUMXMY2($B21:$C21,M$3:M$4) -> 1.313515 | G21: =SUMXMY2($B21:$C21,N$3:N$4) -> 0.29222022 | H21: =MIN(E21:G21) -> 0.29222022 | I21: =IF(H21=E21,1,IF(H21=F21,2,3)) -> 3 | P21: -0.078842708 | Q21: 0.12841291 | R21: 3

Sheet 6.分析-4個Outcome
A1: No | B1: Age | C1: Income | D1: Age-RE | E1: Income-RE | F1: 第四次類聚 | H1: 正規化的聚類中心
A2: 1 | B2: -0.51685775 | C2: -0.94169465 | D2: =B2*'1.變數-採用標準正規化變換'!B$24+'1.變數-採用標準正規化變換'!B$23 -> 40 | E2: =C2*'1.變數-採用標準正規化變換'!C$24+'1.變數-採用標準正規化變換'!C$23 -> 5 | F2: 3 | I2: 聚類1 | J2: 聚類2 | K2: 聚類3
A3: 2 | B3: -0.16644572 | C3: 0.98449895 | D3: =B3*'1.變數-採用標準正規化變換'!B$24+'1.變數-採用標準正規化變換'!B$23 -> 44 | E3: =C3*'1.變數-採用標準正規化變換'!C$24+'1.變數-採用標準正規化變換'!C$23 -> 14 | F3: 2 | H3: Age | I3: 1.6148155 | J3: 0.42925474 | K3: -0.58256001
A4: 3 | B4: 2.1988355 | C4: -1.5837592 | D4: =B4*'1.變數-採用標準正規化變換'!B$24+'1.變數-採用標準正規化變換'!B$23 -> 71 | E4: =C4*'1.變數-採用標準正規化變換'!C$24+'1.變數-採用標準正規化變換'!C$23 -> 2 | F4: 1 | H4: Income | I4: -1.6550997 | J4: 1.1557162 | K4: -0.067773479
A5: 4 | B5: 0.0087603009 | C5: -0.72767314 | D5: =B5*'1.變數-採用標準正規化變換'!B$24+'1.變數-採用標準正規化變換'!B$23 -> 46 | E5: =C5*'1.變數-採用標準正規化變換'!C$24+'1.變數-採用標準正規化變換'!C$23 -> 6 | F5: 3 | H5: 樣本比例 | I5: 0.03 | J5: 0.05 | K5: 0.12
A6: 5 | B6: 1.4980114 | C6: -1.3697377 | D6: =B6*'1.變數-採用標準正規化變換'!B$24+'1.變數-採用標準正規化變換'!B$23 -> 63 | E6: =C6*'1.變數-採用標準正規化變換'!C$24+'1.變數-採用標準正規化變換'!C$23 -> 3 | F6: 1
A7: 6 | B7: 0.27156933 | C7: 0.34243442 | D7: =B7*'1.變數-採用標準正規化變換'!B$24+'1.變數-採用標準正規化變換'!B$23 -> 49 | E7: =C7*'1.變數-採用標準正規化變換'!C$24+'1.變數-採用標準正規化變換'!C$23 -> 11 | F7: 2 | H7: 還原的聚類中心
A8: 7 | B8: -2.0937119 | C8: 0.77047744 | D8: =B8*'1.變數-採用標準正規化變換'!B$24+'1.變數-採用標準正規化變換'!B$23 -> 22 | E8: =C8*'1.變數-採用標準正規化變換'!C$24+'1.變數-採用標準正規化變換'!C$23 -> 13 | F8: 3 | I8: 聚類1 | J8: 聚類2 | K8: 聚類3
A9: 8 | B9: 1.1475994 | C9: -2.0118022 | D9: =B9*'1.變數-採用標準正規化變換'!B$24+'1.變數-採用標準正規化變換'!B$23 -> 59 | E9: =C9*'1.變數-採用標準正規化變換'!C$24+'1.變數-採用標準正規化變換'!C$23 -> 0 | F9: 1 | H9: Age | I9: =I3*'1.變數-採用標準正規化變換'!B24+'1.變數-採用標準正規化變換'!B23 -> 64.333333 | J9: =J3*'1.變數-採用標準正規化變換'!B24+'1.變數-採用標準正規化變換'!B23 -> 50.8 | K9: =K3*'1.變數-採用標準正規化變換'!B24+'1.變數-採用標準正規化變換'!B23 -> 39.25
A10: 9 | B10: -0.69206377 | C10: 0.12841291 | D10: =B10*'1.變數-採用標準正規化變換'!B$24+'1.變數-採用標準正規化變換'!B$23 -> 38 | E10: =C10*'1.變數-採用標準正規化變換'!C$24+'1.變數-採用標準正規化變換'!C$23 -> 10 | F10: 3 | H10: Income | I10: =I4*'1.變數-採用標準正規化變換'!C24+'6.分析-4個Outcome'!I14 -> -7.7333333 | J10: =J4*'1.變數-採用標準正規化變換'!C24+'1.變數-採用標準正規化變換'!C23 -> 14.8 | K10: =K4*'1.變數-採用標準正規化變換'!C24+'1.變數-採用標準正規化變換'!C23 -> 9.0833333
A11: 10 | B11: 0.0087603009 | C11: 0.12841291 | D11: =B11*'1.變數-採用標準正規化變換'!B$24+'1.變數-採用標準正規化變換'!B$23 -> 46 | E11: =C11*'1.變數-採用標準正規化變換'!C$24+'1.變數-採用標準正規化變換'!C$23 -> 10 | F11: 3
A12: 11 | B12: 0.79718738 | C12: 1.840585 | D12: =B12*'1.變數-採用標準正規化變換'!B$24+'1.變數-採用標準正規化變換'!B$23 -> 55 | E12: =C12*'1.變數-採用標準正規化變換'!C$24+'1.變數-採用標準正規化變換'!C$23 -> 18 | F12: 2
A13: 12 | B13: -0.25404872 | C13: -0.29963012 | D13: =B13*'1.變數-採用標準正規化變換'!B$24+'1.變數-採用標準正規化變換'!B$23 -> 43 | E13: =C13*'1.變數-採用標準正規化變換'!C$24+'1.變數-採用標準正規化變換'!C$23 -> 8 | F13: 3
A14: 13 | B14: -0.25404872 | C14: 0.34243442 | D14: =B14*'1.變數-採用標準正規化變換'!B$24+'1.變數-採用標準正規化變換'!B$23 -> 43 | E14: =C14*'1.變數-採用標準正規化變換'!C$24+'1.變數-採用標準正規化變換'!C$23 -> 11 | F14: 3
A15: 14 | B15: 0.97239339 | C15: 0.98449895 | D15: =B15*'1.變數-採用標準正規化變換'!B$24+'1.變數-採用標準正規化變換'!B$23 -> 57 | E15: =C15*'1.變數-採用標準正規化變換'!C$24+'1.變數-採用標準正規化變換'!C$23 -> 14 | F15: 2
A16: 15 | B16: 0.27156933 | C16: 1.6265635 | D16: =B16*'1.變數-採用標準正規化變換'!B$24+'1.變數-採用標準正規化變換'!B$23 -> 49 | E16: =C16*'1.變數-採用標準正規化變換'!C$24+'1.變數-採用標準正規化變換'!C$23 -> 17 | F16: 2
A17: 16 | B17: -0.95487279 | C17: -0.29963012 | D17: =B17*'1.變數-採用標準正規化變換'!B$24+'1.變數-採用標準正規化變換'!B$23 -> 35 | E17: =C17*'1.變數-採用標準正規化變換'!C$24+'1.變數-採用標準正規化變換'!C$23 -> 8 | F17: 3
A18: 17 | B18: -0.16644572 | C18: 0.12841291 | D18: =B18*'1.變數-採用標準正規化變換'!B$24+'1.變數-採用標準正規化變換'!B$23 -> 44 | E18: =C18*'1.變數-採用標準正規化變換'!C$24+'1.變數-採用標準正規化變換'!C$23 -> 10 | F18: 3
A19: 18 | B19: -1.5680939 | C19: 0.12841291 | D19: =B19*'1.變數-採用標準正規化變換'!B$24+'1.變數-採用標準正規化變換'!B$23 -> 28 | E19: =C19*'1.變數-採用標準正規化變換'!C$24+'1.變數-採用標準正規化變換'!C$23 -> 10 | F19: 3
A20: 19 | B20: -0.42925474 | C20: -0.29963012 | D20: =B20*'1.變數-採用標準正規化變換'!B$24+'1.變數-採用標準正規化變換'!B$23 -> 41 | E20: =C20*'1.變數-採用標準正規化變換'!C$24+'1.變數-採用標準正規化變換'!C$23 -> 8 | F20: 3
A21: 20 | B21: -0.078842708 | C21: 0.12841291 | D21: =B21*'1.變數-採用標準正規化變換'!B$24+'1.變數-採用標準正規化變換'!B$23 -> 45 | E21: =C21*'1.變數-採用標準正規化變換'!C$24+'1.變數-採用標準正規化變換'!C$23 -> 10 | F21: 3
